<?xml version="1.0" encoding="UTF-8" ?>

<!DOCTYPE mapper PUBLIC "-//mybatis.org//DTD Mapper 3.0//EN" 
	"http://mybatis.org/dtd/mybatis-3-mapper.dtd">

<mapper namespace="sql.pms.mapper">
	<insert id="insert" parameterType="phone">
		INSERT INTO
		phones(num, model, price, vcode)
		VALUES (#{num}, #{model}, #{price}, #{vcode})
	</insert>
	
	<resultMap type="phone" id="phoneWithCompany">
		<id column="num" property="num"/>
		<result column="model" property="model"/>
		<result column="price" property="price"/>
		<result column="vcode" property="vcode"/>
		<association property="company" javaType="company">
			<id column="vcode" property="vcode"/>
			<result column="vendor" property="vendor"/>
		</association>
	</resultMap>
	
	<!--  Dynamic Query : selectAll+ selectOne-->
	<select id="select" parameterType="phone" resultMap="phoneWithCompany">
		SELECT p.num, p.model, p.price, p.vcode, c.vcode, c.vendor
		FROM phones p
		JOIN company c USING(vcode)
		<if test="num!=null">
		WHERE num=#{num}
		</if>
	</select>
	
	<!--  Dynamic Query -->
	<select id="selectUser" parameterType="userinfo" resultType="userinfo">
		SELECT 
		id, pw 
		FROM userinfo
		WHERE id=#{id}
		<if test="pw!=null">
			AND pw=#{pw}
		</if>
	</select>
	
	<delete id="delete" parameterType="list">
		DELETE
		FROM phones
		WHERE num in
		<foreach collection="list" item="num" open="(" close=")" separator=",">
			#{num}
		</foreach>
	</delete>
</mapper>








