<?xml version="1.0" encoding="UTF-8"?>

<beans xmlns="http://www.springframework.org/schema/beans"
	xmlns:xsi="http://www.w3.org/2001/XMLSchema-instance"
	xmlns:context="http://www.springframework.org/schema/context"
	xmlns:tx="http://www.springframework.org/schema/tx"
	xmlns:aop="http://www.springframework.org/schema/aop"
	xsi:schemaLocation="http://www.springframework.org/schema/beans http://www.springframework.org/schema/beans/spring-beans.xsd
		http://www.springframework.org/schema/context http://www.springframework.org/schema/context/spring-context.xsd
		http://www.springframework.org/schema/aop http://www.springframework.org/schema/aop/spring-aop-4.3.xsd
		http://www.springframework.org/schema/tx http://www.springframework.org/schema/tx/spring-tx-4.3.xsd">
    <!-- Root Context: defines shared resources visible to all other web components -->
	<!-- 1. 서버정보 -->
	<context:property-placeholder location="classpath:spring/jdbc.properties"/>
	
	<!-- 2. DataSource -->
	<bean id="dataSource" class="org.apache.commons.dbcp.BasicDataSource">
		<property name="driverClassName" value="${JDBC.driver}"/>
		<property name="url" value="${JDBC.url}"/>
		<property name="username" value="${JDBC.username}"/>
		<property name="password" value="${JDBC.password}"/>
	</bean>
	
	<!-- 3. SqlSessionFactory -->
	<bean id="SqlSessionFactoryBean" class = "org.mybatis.spring.SqlSessionFactoryBean">
		<property name="configLocation" value="classpath:spring/SqlMapConfig.xml"/>
		<property name="dataSource" ref="dataSource"/>
	</bean>
	
	<!-- 4. SqlSession -->
	<bean id="SqlSessionTemplate" class="org.mybatis.spring.SqlSessionTemplate">
		<constructor-arg name="sqlSessionFactory" ref="SqlSessionFactoryBean"/>
	</bean>
	
	<context:component-scan base-package="com.encore.pms"/>
	
	
  
</beans>












