<?xml version="1.0" encoding="UTF-8"?>
<!DOCTYPE mapper PUBLIC "-//mybatis.org//DTD Mapper 3.0//EN"
	"http://mybatis.org/dtd/mybatis-3-mapper.dtd">
<mapper namespace="PhoneMapper">
<resultMap type="phone" id="RSRM">
<result property="num" column="num"/>
<result property="model" column="model"/>
<result property="price" column="price"/>
<result property="vcode" column="vcode"/>
<association property="company" javaType="Company">
	<result property="vcode" column="vcode"/>
	<result property="vendor" column="vendor"/>
</association>

</resultMap>
<sql id="Select">
SELECT
p.num num, p.model model, p.price price, c.vcode vcode, c.vendor vendor
FROM phones p, company c
WHERE c.vcode = p.vcode
</sql>
<!-- showAllPhone -->

<select id="showAllPhone" resultMap="RSRM">
<include refid="Select"/>
</select>

<!-- showPhone -->
<select id="showPhone" parameterType="string" resultMap="RSRM">
<include refid="Select"/>
AND p.num = #{num}
</select>

<!-- addPhone -->
<insert id="addPhone" parameterType="phone">
INSERT INTO
Phones(num, model, price,vcode)
VALUES(#{num},#{model},#{price},#{vcode})
</insert>

<!-- deletePhone -->
<delete id="deletePhone" parameterType="string">
DELETE
FROM Phones
WHERE num = #{value}
</delete>

<!-- showUser -->
<select id="showUser" parameterType="userinfo" resultType="userinfo">
SELECT
id, pw
FROM userinfo
WHERE id = #{id}
</select>
<!-- Login -->
<!-- <select id="login" parameterType="member" resultType="member">
<include refid="Select"/>
WHERE id = #{id}
AND password = #{password}
</select> -->

</mapper>
