<?xml version="1.0" encoding="UTF-8"?>
<beans xmlns="http://www.springframework.org/schema/beans"
	xmlns:xsi="http://www.w3.org/2001/XMLSchema-instance"
	xmlns:context="http://www.springframework.org/schema/context"
	xsi:schemaLocation="http://www.springframework.org/schema/beans https://www.springframework.org/schema/beans/spring-beans.xsd
		http://www.springframework.org/schema/context http://www.springframework.org/schema/context/spring-context-3.1.xsd">
	
	<!-- Root Context: defines shared resources visible to all other web components -->
	<!-- 1. 서버정보 -->
	<context:property-placeholder location="classpath:config/jdbc.properties"/>
	
	<!-- 2. DataSource -->
	<bean id="dataSource" class="org.apache.commons.dbcp.BasicDataSource">
		<property name="driverClassName" value="${JDBC.driver}"/>
		<property name="url" value="${JDBC.url}"/>
		<property name="username" value="${JDBC.username}"/>
		<property name="password" value="${JDBC.password}"/>
	</bean>
	
	<!-- 3. SqlSessionFactory -->
	<bean id="SqlSessionFactoryBean" class = "org.mybatis.spring.SqlSessionFactoryBean">
		<property name="configLocation" value="classpath:config/SqlMapConfig.xml"/>
		<property name="dataSource" ref="dataSource"/>
	</bean>
	
	<!-- 4. SqlSession -->
	<bean id="SqlSessionTemplate" class="org.mybatis.spring.SqlSessionTemplate">
		<constructor-arg name="sqlSessionFactory" ref="SqlSessionFactoryBean"/>
	</bean>
	
	<context:component-scan base-package="com.encore.spring"/>
</beans>
